ID,Name,Latitude,Longitude,Georef. S/N,Still Exists,Lifespan,Year Built,Year Destroyed,HasData,Population Density,Total Population,Median Age,% Seniors,% w/ Children,Median Home Value,Per Capita Income,% White,% Black,% Amerindian,% Asian,% Pacific Islander,% Other Race,% 2+ Races,Diversity Index,Total Housing Units,% w/ Disability,% Below Poverty,Median Household Income
1,Shaaray Tefila Cemetery,40.7938795,-73.9527265,,No,11,1846,1857,1,37708.3,11409,41.8,19.42,48.65,968447,35130,19.77,32.92,0.82,7.59,0.09,25.97,12.83,88.1,4954,32.67,27.28,45079
2,Brick Presbyterian Churchyard,40.7116137,-74.0064395,1,No,89,1767,1856,1,76537.1,23157,31.8,8.36,39.25,1071074,112296,60.78,6.4,0.18,20.58,0.09,2.99,9,65.7,12595,7.78,6.67,188881
3,St. Andrew's Church Cemetery,40.5728612,-74.1470843,,Yes,291,1733,2024,1,1408,426,48.2,26.06,43.33,905063,76063,84.98,0.23,0.23,4.69,0,2.11,7.98,40.4,162,26.53,5.44,144318
4,Luyster Cemetery,40.7719656,-73.8832846,2,No,270,1668,1938,1,707.3,214,34.7,13.08,60,937500,28813,12.62,11.68,1.87,21.5,0,36.92,15.89,87.9,36,20.83,16.67,72567
5,Bergen Family Burial ground,40.6529412,-74.0074895,16,No,30,1830,1860,1,32879.5,9948,37,13.01,57.9,1111111,36118,21.06,4.74,3.96,9.89,0.09,45.33,14.93,83.7,3754,27.54,13.27,69330
6,41St Street Reformed Presbyterian Church Cemetery,40.7578709,-73.9939028,3,No,26,1832,1858,1,90283.2,27316,35.1,11.58,30.94,1207258,86973,45.9,11.48,0.48,24.45,0.45,7.44,9.8,79.2,18825,16.29,10.93,97055
7,Port Richmond Reformed Dutch Church Cemetery,40.6396185,-74.1330302,,Yes,334,1690,2024,1,12817.3,3878,32.5,10.29,69.97,439796,23303,13,30.32,5.26,5.18,0,32.98,13.25,87.8,1342,32.01,39.93,40502
8,Lutheran Cemetery,40.7123196,-73.8876334,,Yes,174,1850,2024,1,7644.8,2313,43,19.24,38.79,872799,49967,74.58,0.73,0.35,6.23,0.13,11.11,6.83,61,1064,18.18,7.92,89508
9,First Reformed Dutch Church of Brooklyn cemetery,40.6905269,-73.9861576,26,No,214,1654,1868,1,60084.1,18179,33.6,5.87,45.5,1355943,110941,52.98,9.99,0.24,22.45,0.04,3.67,10.63,71.4,11218,9.53,13.67,165403
10,Melrose Cemetery,40.8188231,-73.9116024,,No,121,1853,1974,1,61915.2,18733,35.1,11.32,57.01,336913,22268,8.55,37.44,1.83,1.47,0.2,35.34,15.18,84.2,7318,41.51,34.51,35707
11,Attorney Street Methodist Protestant Church Burial Vaults,40.7182312,-73.9849732,4,No,158,1831,1989,1,95429.3,28873,36.4,17.62,36.65,822133,55268,40.09,8.41,0.62,25.57,0.08,13.64,11.58,84,16674,20.64,19.62,63301
12,Ocean View Cemetery,40.8768646,-73.9031391,,Yes,104,1920,2024,1,71222.5,21549,37.4,13.73,55.96,303623,25965,13.36,18.57,1.69,2.4,0.1,46.83,17.04,81.2,8945,28.26,28.24,49078
13,Thorne-Wilkins Cemetery,40.7928425,-73.7794014,,No,34,1829,1863,1,502.4,152,43,19.08,47.5,1125000,50944,42.11,4.61,0,42.76,0,4.61,5.92,70.9,71,13.85,1.54,131319
14,"Public Burial Ground,Brooklyn",40.6918237,-73.9899974,20,No,1827,,1827,1,52683.9,15940,34.6,7.79,42.03,1269333,119738,63.83,6.09,0.21,16.34,0.03,2.89,10.61,62.7,9274,9.76,9.3,179185
15,"Fordham Manor Church Cemetery, Fordham Road",40.8686314,-73.9001643,5,No,1909,,1909,1,78827.6,23850,37.1,15.43,61.97,648684,19812,9.76,16.44,1.54,5.71,0.08,49.68,16.78,79.6,8884,30.36,31.54,40137
16,"Fordham Manor Church Cemetery, Kingsbridge Road",40.862428,-73.9085809,6,No,91,1849,1940,1,65507.9,19820,35.4,11.75,61.69,345833,19358,9.19,19.57,1.76,3.4,0.12,50.77,15.19,79.2,6685,30.18,32.86,48099
17,Bedford Street Methodist Church Graveyard and Vaults,40.7309736,-74.0041214,7,No,104,1810,1914,1,76867.7,23257,34,12.98,32.79,1391329,117230,76.51,2.55,0.09,9.14,0.06,2.7,8.94,49.7,16002,8.54,7.45,138769
18,Mount Loretto Cemetery,40.514232,-74.2181552,,Yes,141,1883,2024,1,337.1,102,42.5,16.67,53.33,979167,61639,86.27,2.94,0,2.94,0,0.98,6.86,38.2,27,6.67,3.33,110038
19,Flushing Cemetery,40.7523009,-73.7990004,,Yes,171,1853,2024,1,11416,3454,44.2,20.53,45.05,896670,42569,31.41,1.82,0.49,46.32,0,11.26,8.69,78,1162,25.18,7.45,108252
20,St. Paul's Churchyard Cobble Hill,40.6875922,-73.9941689,21,Yes,186,1838,2024,1,56071.7,16965,35.8,10.41,46.14,1723192,110949,72.84,3.48,0.31,8.78,0.01,3.25,11.32,55,8749,11.08,8.01,182679
21,"Catholic Cemetery, Willamsburg",40.7208862,-73.9606618,19,No,50,1840,1890,1,40418.6,12229,34.9,4.48,38.51,1599570,125917,66.55,3.16,0.48,12.19,0.08,5.92,11.61,64.8,7386,7.21,7.62,173153
22,Bay Ridge Methodist Church Cemetery,40.6346273,-74.0177421,28,No,99,1831,1930,1,44265.7,13393,35.9,12.79,56.65,1183891,31737,31.52,2.26,0.96,41.51,0.01,15.69,8.03,80.8,4626,19.07,19.25,72389
23,Westchester Methodist Church Graveyard,40.8433273,-73.8486245,9,No,-33,1948,1915,1,34542,10451,35.6,12.43,56.59,656793,27687,17.03,14.64,1.65,22.94,0.16,31.9,11.68,89.1,3835,31.63,21.94,55951
24,"St. Andrew's Churchyard, Harlem",40.8065243,-73.937458,22,No,61,1830,1891,1,44685.5,13520,37.6,15.67,49.6,758333,30240,14.17,50.76,1.39,3.7,0.13,18.98,10.87,82.4,6498,24.72,29.38,40347
25,Resurrection Cemetery,40.5174072,-74.2143462,,Yes,47,1977,2024,1,3576.2,1082,41.9,16.82,51.46,973837,61510,85.49,2.59,0.09,3.6,0.09,1.29,6.84,38.9,382,9.23,3.24,113164
26,Polish National Catholic Cemetery,40.6241779,-74.1449783,,Yes,127,1897,2024,1,12668.6,3833,39.8,17.3,49.77,696487,42945,47.82,12.78,1.77,13.51,0.05,14.95,9.11,82.6,1358,19.14,7.02,104748
27,First Presbyterian Church of Newtown Cemetery,40.7363194,-73.8761502,23,No,306,1652,1958,1,61634.3,18648,40.5,16.5,46.45,905442,35642,8.56,1.39,1.06,68.28,0.06,13.84,6.82,67.7,7159,16.77,10.93,73065
28,Cannon Street Baptist Church Cemetery,40.7178933,-73.9426316,39,No,18,1846,1864,1,41162.2,12454,34.8,7.86,32.62,1318536,85080,62.13,9.81,0.48,8.07,0.02,8.86,10.62,71.4,6683,13.97,8.72,111942
29,West Farms Reformed Dutch Church Cemetery& Hedger-Edward family cemetery,40.8327102,-73.8849403,41,No,131,1769,1900,1,51299.1,15521,34.4,11.61,58.16,679612,24737,7.04,32.9,1.82,1.57,0.06,42.38,14.23,82.6,6623,31.99,30.77,39884
30,John Street Methodist Church Graveyard and Vaults,40.7091174,-74.0081374,,Yes,256,1768,2024,1,103203,31225,31.4,6.64,32.59,1096763,120926,61.22,5.01,0.19,21.21,0.1,3.11,9.17,64.7,19530,6.07,6.35,183383
31,"Methodist Cemetery, Jamaica",40.7010673,-73.7939758,,Yes,174,1850,2024,1,18981.4,5743,37,15.24,56.27,626410,23579,3.6,49.1,0.77,20.36,0.17,16.16,9.82,78.8,2118,32.14,22.08,50419
32,Prison Ship Martyrs Tombs,40.6919247,-73.9757097,,Yes,216,1808,2024,1,57416.9,17372,35.8,12.28,43.96,918702,78410,34.62,31.26,0.5,14.05,0.18,8.57,10.83,82.2,8723,20.27,16.37,111468
33,Stockbridge Indian Burial Ground,40.8994856,-73.8733106,,Yes,246,1778,2024,1,13432.1,4064,37.8,14.59,38.35,722059,55362,70.45,8.49,0.27,1.82,0.2,10.46,8.32,65.4,2010,23.08,10.17,85635
34,St. Thomas Churchyard,40.7259413,-73.9971414,42,No,80,1825,1905,1,65762.4,19897,34.2,14.25,36.94,1407380,105841,67.92,3.37,0.11,14.81,0.08,3.8,9.91,59.2,12997,13.06,11.02,129810
35,St Joseph's Cemetery,40.551281,-74.2156857,,Yes,162,1862,2024,1,10926.8,3306,41.7,18.18,53.52,646895,47272,78.89,1.57,0.67,7.86,0,3.39,7.59,51.5,1214,35.65,8.08,109478
36,Moore Jackson cemetery,40.7560083,-73.9076728,,Yes,291,1733,2024,1,36353.2,10999,40,17.04,45.54,666339,41820,32.03,12.11,1.25,23.08,0.09,19.33,12.11,87.6,4925,19.95,16.16,70624
37,Evergreen Cemetery,40.6870546,-73.8984608,,Yes,175,1849,2024,1,9.9,3,28.8,0,0,0,0,0,0,0,0,0,0,100,44.4,1,0,0,0
38,St. Augustine's Churchyard,40.8339999,-73.8999536,43,No,44,1850,1894,1,59456.2,17989,34.9,11.01,61.34,562814,17693,6.04,48.6,1.11,0.63,0.15,30.71,12.76,82.4,6889,39.45,30.77,31456
39,"German Catholic Cemetery, 124th Street",40.8084606,-73.9503135,44,No,21,1848,1869,1,76451.2,23131,36,11,56.88,1367391,51386,22.35,49.03,0.63,5.06,0.06,11.73,11.14,79.5,11348,15.31,20.83,74961
40,Cherry Lane African Church Cemetery,40.6242403,-74.1366239,45,No,100,1850,1950,1,13230.5,4003,38.9,16.19,50.21,618539,52420,54.48,7.37,1.37,10.37,0,16.19,10.19,79.5,1426,16.28,6.33,117909
41,Our Lady Of Mount Carmel Cemetery,40.7737858,-73.9252112,,Yes,183,1841,2024,1,39529.5,11960,37,14.21,46.66,924395,59896,48.47,4.62,1.15,15.15,0.04,16.51,14.06,82.3,5541,14.37,7.9,103967
42,New Utrecht Cemetery,40.6107804,-74.0060018,,Yes,370,1654,2024,1,46972.7,14212,39.8,17.61,50.9,1077241,37534,32.56,1.28,1.27,50.91,0.01,8.87,5.11,72.1,5191,22.43,10.69,76935
43,Cole Family Burial Ground,40.8768646,-73.9031391,46,No,75,1820,1895,1,71222.5,21549,37.4,13.73,55.96,303623,25965,13.36,18.57,1.69,2.4,0.1,46.83,17.04,81.2,8945,28.26,28.24,49078
44,88th Street Jewish Cemetery,40.7816553,-73.9572121,47,No,59,1840,1899,1,93039.7,28150,44.8,26.72,42.3,1881313,119487,80.64,1.18,0.11,9.29,0.02,1.81,6.96,41.5,16225,13.28,5.89,188932
45,Mendelssohn Benevolent Society Cemetery,40.7805233,-73.9562811,,No,33,1845,1878,1,123172.7,37267,41.2,22.99,42.23,1708946,119730,77.99,1.51,0.1,10.8,0.01,2.11,7.48,45.4,21921,14.18,5.73,175449
46,Anshe Chesed Cemeteries (45th st),40.7570671,-73.9829176,48,No,45,1830,1875,1,15540.8,4702,38.4,15.46,16.99,1383803,83808,32.73,29.37,0.81,22.59,0.57,6.98,6.98,82.6,3337,27.38,26.74,50375
47,Anshe Chesed Cemeteries (89th st),40.7830687,-73.9585808,49,No,34,1846,1880,1,56365.9,17054,50.4,31.4,42.08,2000001,124191,83.24,0.99,0.1,7.51,0.03,1.53,6.6,37.4,9726,14.92,5.59,200001
48,Watt-Pinkney Family Burial Ground,40.8178206,-73.9411737,,No,99,1826,1925,1,94576.6,28615,37.1,14.28,53.27,671189,37303,11.85,61.62,0.85,3.05,0.16,12.63,9.84,73.6,14689,27.1,24.79,50626
49,"Shaar Hashomayim Cemetery, Williamsburg",40.7094917,-73.9534717,38,No,50,1839,1889,1,71400.9,21603,32.6,9.51,52.43,1091667,57618,50.51,5.36,0.87,6.23,0.06,23.87,13.1,82.6,10232,20.26,19.78,86441
50,Mount St.Mary's Cemetery,40.7405691,-73.8008708,,Yes,162,1862,2024,1,9528.7,2883,40.2,15.75,51.26,996503,37301,14.33,2.6,0.49,60.98,0.03,13.77,7.84,72.2,1083,13.37,8.88,86874
51,Presentation Sisters Cemetery,40.5615203,-74.1852253,,Yes,140,1884,2024,1,11977.8,3624,39.7,12.47,65.03,487845,37656,58.42,3.92,0.3,24.01,0.06,5.3,8,69.7,1208,15.71,11.01,101755
52,Flatlands Reformed Dutch Church Cemetery,40.6238848,-73.9365018,,Yes,176,1848,2024,1,40349.2,12208,39.3,17.06,54.36,727095,34667,17.78,57.8,0.35,9.42,0.03,6.26,8.36,68.6,4309,28.87,10.4,81018
53,Pell Family Burial Ground,40.870588,-73.8047265,,Yes,182,1842,2024,0,0,0,0,0,0,0,0,0,0,0,0,0,0,0,0,0,0,0,0
54,St. Michael's Cemetery,40.7644303,-73.8988815,,Yes,172,1852,2024,1,6157.5,1863,39.1,17.66,43.29,952479,40442,47.88,3.06,0.38,21.63,0.11,14.39,12.61,81.4,722,14.11,9.29,64753
55,St. Michael's Churchyard and Cemetery,40.7980708,-73.9654913,50,No,62,1828,1890,1,114083.5,34517,40.6,21.98,43.35,1059794,68177,44.39,17.32,0.75,10.37,0.06,14.8,12.32,84,18596,22.37,20.35,84015
56,"St. Peter's Cemetery, West New Brighton",40.6227171,-74.11352,,Yes,176,1848,2024,1,6517.7,1972,46,25.35,44.07,729035,61869,78.35,1.93,0.25,6.49,0,4.41,8.47,51.9,884,23.71,5.18,119584
57,Rapejle Cemetery,40.7831731,-73.9145271,,Yes,2024,,2024,1,28817.5,8719,39.2,15.33,43.74,990556,40716,57.3,4.16,0.53,13.66,0.07,11.86,12.43,76.2,3822,28.51,13.65,79213
58,Flatbush Reformed Dutch Church Cemetery,40.6499743,-73.9594101,,Yes,270,1754,2024,1,93595,28318,36.5,13.94,54.28,946108,38869,15.72,54.6,1.1,4.14,0.06,13.5,10.88,77.1,11955,16.33,16.09,74174
59,First Presbyterian of Throggs Neck Churchyard,40.8398953,-73.836569,,Yes,169,1855,2024,1,18921.9,5725,39.7,15.09,47.38,665379,38732,35.6,11.83,1.47,8.73,0.16,27.49,14.72,87.7,2375,25.74,15.01,65447
60,Bethel Baptist Church Cemetery,40.720512,-73.992358,51,No,21,1819,1840,1,86287.3,26107,34.3,15.31,37.45,998188,63184,40.48,5.67,0.24,37.92,0.15,7.74,7.79,76.1,15070,16.74,16.05,79406
61,Merrell Cemetery,40.610447,-74.1614743,,Yes,240,1784,2024,1,15438.3,4671,40.7,18.86,46.47,675096,42380,54.55,4.97,0.81,22.8,0.11,9.08,7.69,74.8,1685,27.41,5.95,101280
62,St. Monica's Cemetery,40.6999486,-73.7968904,,Yes,186,1838,2024,1,15464.8,4679,35.8,13.72,58.4,620066,25646,3.57,52.94,0.88,18,0.11,15.02,9.49,77.1,1583,31.87,23.92,51858
63,Naval Cemetery,40.6993486,-73.9631716,52,No,79,1831,1910,1,29514.9,8930,22,12.07,69.26,941239,19889,83.49,2.75,0.36,1.71,0,6.85,4.82,39.8,2373,20.21,33.87,43750
64,Knollwood Park Cemetery,40.6916915,-73.8983921,,Yes,77,1947,2024,1,9796.4,2964,34,9.72,65.08,1011905,37776,20.24,9.75,1.59,4.22,0.07,44.03,20.14,83.2,1082,20.68,9.42,82881
65,St. Anns Churchyard,40.8082689,-73.9169159,,Yes,183,1841,2024,1,78559.9,23769,33.5,11.54,63.16,791515,15639,9.11,29.02,2.81,0.86,0.09,44.15,13.96,81.3,9104,42.05,43.02,21848
66,New/Middle Dutch Churchyard,40.7081471,-74.0095207,53,No,110,1729,1839,1,102274.3,30944,30.6,3.42,32.78,1458995,127717,62.31,4.97,0.19,19.79,0.09,3.12,9.53,64.2,19622,3.71,5.55,200001
67,United Hebrew Cemetery,40.5672945,-74.1476556,,Yes,116,1908,2024,1,6927.6,2096,43.4,19.8,49.17,681196,57397,82.97,0.91,0.14,4.63,0,3.82,7.54,46.4,863,12.84,7.61,124017
68,Riker Cemetery,40.7734059,-73.8921776,,Yes,282,1742,2024,1,13167.7,3984,41.5,16.94,46.46,832325,46793,69.6,2.41,0.28,6.88,0.08,9.46,11.3,66.3,1709,19.56,7.47,101615
69,"African Burial Ground, Flatbush",40.6503185,-73.9561183,25,No,0,,,1,72270.2,21866,36.6,14.52,54.35,861607,38322,12.19,64.8,0.69,3.04,0.07,9.24,9.96,67.2,9588,14.54,17.29,68480
70,Wallabout Cemetery,40.6949466,-73.9771872,35,No,27,1827,1854,1,54131.6,16378,36.1,14.43,46.77,857824,54583,19.9,39.99,0.7,18.9,0.21,10.82,9.48,83.5,7662,27.63,23.01,64408
71,"St. Peter's Church Cemetery, Westchester sq.",40.8382267,-73.8439706,,Yes,229,1795,2024,1,26176.7,7920,34.9,12.31,64.02,669922,22847,10.83,11.38,2.02,34.65,0.18,30.27,10.68,87.5,2709,33.19,30.33,46330
72,"Friend Cemetery, Westchester sq.",40.8378156,-73.844564,,Yes,169,1723,1892,1,28447.3,8607,35.3,12.92,63.59,668427,23078,11.15,11.61,2.09,33.98,0.17,30.36,10.62,87.7,2926,32.9,29.63,47483
73,Hardenbrook Cemetery,40.7628991,-73.955482,54,No,136,1767,1903,1,75195.3,22751,36.3,16.5,41.89,1117973,113571,65.93,3.47,0.13,18.79,0.05,2.37,9.27,59.6,14628,13.83,6,149544
74,Baron Hirsch Cemetery,40.622115,-74.1552498,,Yes,125,1899,2024,1,15395.3,4658,39.8,17.15,51.66,488262,38692,34.76,17.48,1.05,19.79,0.09,16.12,10.71,87.1,1701,23.74,6.85,96778
75,Newtown Cemetery,40.7363805,-73.8696355,30,No,198,1730,1928,1,58633.2,17740,40.2,16.34,48.14,943469,35995,9.59,5.69,1.52,52.58,0.06,21.7,8.87,80.9,6439,21.54,11.81,75551
76,Mount Olivet Cemetery,40.7203134,-73.8952537,,Yes,173,1851,2024,1,14311.3,4330,43.3,19.49,43.92,839815,50870,67.41,1.62,0.42,8.57,0,12.82,9.15,69.9,1845,18.44,9.25,115244
77,Barkeloo Cemetery,40.6367861,-74.0347311,,Yes,299,1725,2024,1,31022,9386,42,18.53,45.21,1012725,58492,62.5,2.58,0.3,18.84,0.02,6.55,9.22,67.8,4361,25.82,11.35,90993
78,Ursuline Sister Burial Grounds,40.8167716,-73.9102549,55,No,37,1855,1892,1,65226.9,19735,34.4,11.57,55.16,336538,19705,8.92,35.7,1.57,1.21,0.14,37.41,15.06,83.6,7745,35.66,33.87,31799
79,Amity Street Baptist Burial Ground,40.729082,-73.9966837,56,No,35,1814,1849,1,79716.7,24119,35,17.25,34.54,1326856,116016,73.17,2.94,0.09,12.29,0.06,2.6,8.84,52.3,15292,12.29,7.09,154600
80,St. Mary's Cemetery,40.5967809,-74.0818244,,Yes,171,1853,2024,1,12433.9,3762,41.6,18.5,45.68,705630,34543,51.73,12.33,0.56,18,0.05,10.05,7.28,77.8,1425,22.12,12.46,65599
81,"Bayside Cemetery, Mokom Sholom cemetery& Acacia Cemetery",40.6777631,-73.8550004,,Yes,163,1861,2024,1,29964.4,9066,36.6,13.1,60.3,733666,34049,12.89,7.39,1.88,43.78,0.02,23.84,10.21,84,2724,25.99,11.48,88060
82,"Public Burial Ground,Queens",40.7108555,-73.7389615,57,No,54,1844,1898,1,22329.5,6756,40.8,16.89,54.19,636661,34936,3.92,65.54,0.68,9.07,0.21,11.66,8.93,65.7,2200,32.33,10.95,103900
83,New Lots Cemetery,40.6657369,-73.8860248,34,No,97,1823,1920,1,54399.3,16459,37.5,14.11,53.78,662069,25355,4.1,69.86,0.61,1.73,0.09,11.62,11.99,66.4,6215,24.55,26.69,55277
84,Bethel A.M.E. Church Cemetery,40.8348638,-73.8557934,58,No,45,1849,1894,1,80850.3,24462,38,13.95,56.44,265086,28837,7.62,26.43,1.6,29.64,0.11,23.23,11.37,88,9724,29.33,19.07,59411
85,"African Burial Ground, Harlem",40.8029678,-73.9318501,59,No,194,1686,1880,1,32016.9,9687,36.6,14.98,61.75,573718,20878,11.48,38.09,2.02,3.4,0.08,31.64,13.28,86,4424,31.67,45.32,19504
86,St. Mary of the assumption cemetery,40.6304628,-74.1451084,,Yes,0,,,1,16710.8,5056,37.5,12.6,59.02,701087,33348,24.43,23.69,3.4,10.9,0.16,25.89,11.53,89.4,1734,22.17,14.29,81131
87,"Public Burial Ground, Flushing",40.7546461,-73.8023791,,Yes,0,,,1,22111.4,6690,41.1,17.38,44.29,915676,34580,17.97,1.46,0.43,56.85,0,15.71,7.58,76.1,2359,20.96,11.17,76159
88,"Macedonia A.M.E Cemetery,",40.7618648,-73.8277463,60,Yes,187,1837,2024,1,59370.2,17963,46,22.36,37.56,673169,30004,7.5,4.74,0.44,74.14,0.02,8.03,5.13,57.4,8047,26.33,23.39,42042
89,"Friend's Cemetery, Prospect Park",40.6599757,-73.9726505,,Yes,178,1846,2024,1,6362.4,1925,43.1,15.64,56.76,1908120,96665,78.49,2.03,0.21,6.7,0,3.95,8.62,47.1,932,5.8,1.35,162141
90,"Public Burial Ground, East 50th Street",40.7560574,-73.9736201,61,No,18,1825,1843,1,31683.1,9586,34.7,12.74,27.66,956933,113491,58.4,5.14,0.1,24.02,0.29,2.79,9.26,66.1,7197,12.78,7.39,121232
91,"Public Burial Ground, Bryant Park",40.7539292,-73.9826485,62,No,12,1825,1837,1,16928.9,5122,39.2,14.1,29.86,889151,129367,41.82,19.86,0.45,23.76,0.49,5.25,8.38,79.2,4077,13.08,9.69,174724
92,"Public Burial Ground, Washington square Park",40.7308148,-73.9974169,63,No,28,1797,1825,1,96827.4,29296,34.4,16.19,33.34,1297923,122926,73.16,3.13,0.1,11.79,0.05,2.93,8.83,53,18258,11.64,6.24,165065
93,"Public Burial Ground, Madison Square Park",40.7426995,-73.9875403,65,No,3,1794,1797,1,66661.4,20169,33.9,9.9,33.53,1556349,124088,63.69,8.06,0.18,15.84,0.05,3.77,8.4,64,12861,8.15,10.6,178300
94,Alm's House Burial Ground,40.7126449,-74.0056828,66,No,0,,,1,71721.5,21700,33.3,10.33,41.2,981889,107131,58.52,6.61,0.19,22.68,0.1,3.04,8.87,66.9,11742,9.15,10.2,179618
95,Kings County Cemetery,40.657328,-73.9325791,33,No,71,1843,1914,1,39053.5,11816,41.8,18.64,46.42,632723,31371,5.95,79.77,0.19,1.34,0.06,3.38,9.32,43.6,4423,22.62,17.09,61777
96,18th Street Methodist Churchyard,40.7427113,-74.0012483,67,No,109,1836,1945,1,89503.2,27080,38.2,15.88,35.35,911189,108149,66.35,5.82,0.44,10.68,0.14,6.11,10.46,65.5,18750,13.63,11.53,121061
97,Merchant Marine Cemetery,40.5643229,-74.1471812,,Yes,123,1901,2024,1,10665.7,3227,42.7,19.49,50.14,628210,44956,82.71,1.18,0.15,4.68,0,3.9,7.38,46.7,1228,12.96,17.9,112011
98,"African Burial Ground, Elmhurst",40.7424148,-73.8745699,24,No,110,1818,1928,1,93337.2,28240,39,13.27,56.07,769893,25393,7.42,1.36,2.81,47.34,0.03,32.48,8.57,82.7,9316,19.48,10.96,62352
99,Canarsie Cemetery,40.6366547,-73.9044092,32,Yes,136,1888,2024,1,39724.5,12019,39.8,16.83,55.45,715527,35288,4.86,80.81,0.1,2.75,0.02,3.68,7.8,41.8,4202,18.59,10.37,84973
100,Underhill Family Burial Ground,40.8697504,-73.8597506,68,No,249,1775,2024,1,42940.4,12992,37.8,13.84,54.09,637715,32801,8.74,48.55,1.13,5.87,0.17,24.75,10.81,83.3,5013,25.29,17.06,67041
101,Spring Street Presbyterian Church Burial Vaults,40.725416,-74.0054565,69,No,155,1811,1966,1,42785,12945,35.9,14.62,40.42,2000001,119250,74.71,2.33,0.08,10.3,0.04,2.48,10.06,51.5,8997,8.89,5.1,157907
102,Fredrick Douglass Memorial Park,40.5637141,-74.134993,,Yes,89,1935,2024,1,8200.1,2481,44.7,22.33,46.69,647451,59974,80.85,0.73,0.12,8.67,0,3.55,6.13,46.7,920,29.08,6.21,127888
103,"Friend's Cemetery, Flushing",40.7628223,-73.8301714,,Yes,348,1676,2024,1,35199.7,10650,45.5,23.41,36.42,689723,29220,7.77,6.58,0.4,72.12,0.03,8.01,5.09,59.4,4931,29,26.07,41791
104,Holy Cross Cemetery,40.6470233,-73.9382502,,Yes,175,1849,2024,1,19622.6,5937,41.6,19.44,44.18,627242,33865,1.89,81.05,0.27,3.71,0.03,3.27,9.79,41.7,2156,15.85,11.33,75031
105,"Quarantine Cemeteries, Tompkinsville (North)",40.6411248,-74.0772274,70,No,12,1846,1858,1,17560.2,5313,40.3,15.73,43.04,655759,45202,32.73,24.77,1.51,14.15,0.04,15.06,11.74,86.8,2592,21.69,20.38,67033
106,"Quarantine Cemeteries, Tompkinsville (South)",40.6388151,-74.0768136,71,No,59,1799,1858,1,14476.5,4380,40.3,15.39,45.53,647857,47431,33.56,21.89,1.67,13.65,0.05,17.58,11.6,87.3,2113,18.59,20.5,76575
107,"Quarantine Cemeteries, Silverlake",40.6214394,-74.0953913,72,Yes,132,1892,2024,1,7135.8,2159,41.5,19.87,43.59,541667,48858,49.05,22.33,0.14,6.81,0.05,9.12,12.51,80,1051,30.98,6.46,86798
108,"Quarantine Cemeteries, Seguine's Point",40.5153911,-74.1898895,73,No,30,1858,1888,1,1024.6,310,41.6,17.1,52.54,833333,50659,76.77,1.29,0.32,9.35,0,3.55,8.71,52,120,16.39,22.13,105736
109,Mount richmond Cemetery,40.5680268,-74.1440413,,Yes,115,1909,2024,1,6600.4,1997,44.1,20.53,49.33,715785,63840,84.13,0.7,0.25,5.11,0,3.61,6.26,43.3,766,10.95,0,128249
110,Rantus Family Cemetery,40.734981,-73.8223354,,No,99,1853,1952,1,11191.2,3386,35.9,18.84,44.05,795802,44223,44.51,5.32,0.83,36.56,0.06,6.41,6.29,72.6,1301,13.59,11.65,75826
111,Machpelah Cemetery,40.6937988,-73.8863912,,Yes,169,1855,2024,1,4795.8,1451,41.6,15.02,48.88,826480,48131,45,2.55,0.9,5.17,0.07,30.05,16.26,83.8,536,15.65,0,105831
112,New Union Field/Beth-El Cemetery,40.6953103,-73.8867826,,Yes,149,1875,2024,1,7003.6,2119,41.4,15.05,48.71,812198,46239,45.54,2.45,0.85,5.14,0.09,29.92,15.95,83.7,785,16.11,1.59,101165
113,Union Field Cemetery,40.6932599,-73.8891824,,Yes,169,1855,2024,1,6583.8,1992,41.3,15.11,50.56,838832,45570,42.22,2.36,1.31,4.82,0.1,32.58,16.62,84,737,16.27,3.13,107225
114,Hungarian Union Field Cemetery,40.6927779,-73.8850344,,Yes,121,1903,2024,1,0,0,0,0,0,0,0,0,0,0,0,0,0,0,0,0,0,0,0
115,"African Burial Ground, Inwood",40.8675865,-73.9171484,74,No,0,,,1,48906.2,14797,40.4,16.55,48.48,553191,45274,27.21,8.23,1.28,2.83,0.13,42.41,17.9,83.8,7013,26.65,16.6,72883
116,Linden Hill Cemetery,40.7113964,-73.9135659,,Yes,149,1875,2024,1,26755.1,8095,36.8,11.71,55.43,946285,37820,40.06,3.31,1.63,9.78,0.06,31.92,13.23,85.5,3305,17.74,15.59,77194
117,"Friends Cemetery, East Houston St.",40.7232846,-73.9920495,75,No,50,1796,1846,1,78949.9,23887,34.1,14.67,35.65,1216805,70646,51.43,6.21,0.5,24.09,0.14,8.68,8.96,75.7,14579,16.75,17.22,75817
118,"Prebysterian Cemeteries, South Houston St.",40.7230041,-73.9909756,76,No,62,1803,1865,1,85890.7,25987,34.4,15.65,34.71,947939,71881,52.41,5.95,0.49,23.69,0.14,8.37,8.95,75.1,15970,17.94,17.99,76046
119,"Reformed Dutch Cemetery, South Houston St.",40.7228052,-73.9901061,77,No,47,1821,1868,1,91754,27761,34,14.8,34.86,930556,71372,52.22,6.07,0.54,23.26,0.13,8.63,9.15,75.6,17109,17.58,18.04,77406
120,Methodist Episcopal Church,40.7246231,-73.9910841,79,No,48,1805,1853,1,83600.2,25294,34.3,15.15,31.9,969649,78874,57.78,5.86,0.51,18.96,0.14,7.52,9.22,72,16162,17.68,18.16,79088
121,"Baptist Cemetery, North Houston St.",40.7234752,-73.9900748,78,No,46,1815,1861,1,92011.8,27839,34.2,15.27,32.64,889210,74209,55.29,6.01,0.52,20.42,0.14,8.32,9.31,74.1,17402,17.36,17.78,77962
122,Methodist Society Cemetery,40.7243037,-73.9896411,80,No,54,1820,1874,1,95528.5,28903,34,14.93,32.15,908887,75143,57.39,5.8,0.54,19.3,0.13,7.58,9.27,72.4,18357,16.95,18.95,77615
123,Maimonides Cemetery & Mount Hope Cemetery,40.6919916,-73.8707621,,Yes,132,1892,2024,1,22177.5,6710,36.8,12.22,58.78,771396,32410,8.97,10.43,1.64,13.04,0.15,49.75,16.01,82.4,2162,20.91,13.72,85294
124,A.M.E Zion Church Cemetery,40.7176534,-74.0059331,81,No,43,1821,1864,1,57902.8,17519,35.4,12.14,50.67,2000001,111277,66.33,4.91,0.14,14.69,0.07,3.76,10.09,60.1,9004,13.52,7.19,200001
125,Montefiore Cemetery,40.6857352,-73.7420406,,Yes,116,1908,2024,1,8044.7,2434,46.8,22.76,46.42,599880,48974,1.48,87.47,0.29,0.74,0.04,3.2,6.78,33.1,832,29.53,4.17,128281
126,Citizen's Union/ Mount Pleasant Cemetery,40.6703677,-73.9253521,31,No,21,1851,1872,1,59971.8,18145,35,11.66,54.92,820161,26143,6.32,73.46,0.71,1.59,0.08,8.27,9.56,59.7,7613,28.67,19.21,49747
127,Cypress Hill Cemetery,40.6996834,-73.8832982,,Yes,176,1848,2024,1,20650.5,6248,39.5,14.9,49.56,792969,40709,55.33,2.66,1.01,4.11,0.03,24.97,11.89,80.3,2530,19.97,7.9,86342
128,"African Burial Ground, Chrystie Street",40.7221574,-73.9923486,82,No,57,1795,1852,1,86132,26060,33.9,14.38,36.8,1163934,68257,47.94,5.84,0.38,29.16,0.13,8.11,8.43,75.8,15451,16.2,15.51,78951
129,Ferris Family Burial Ground,40.8388529,-73.842227,,Yes,,,1914,1,20237.4,6123,34.8,11.6,64.89,656863,23668,10.94,11.79,2.01,33.89,0.2,30.43,10.73,87.7,2062,34.92,32.31,43739
130,"B'nai Jeshurun Cemetery, 32nd Street",40.7496511,-73.9908002,83,No,25,1826,1851,1,38944.5,11783,31.9,8.07,30.87,737805,95133,46.73,13.14,0.42,28.17,0.4,4.55,6.59,78.8,6929,8.42,10.06,127841
131,Calvary Cemetery (West),40.7335524,-73.9305068,,Yes,176,1848,2024,1,3784.4,1145,32.5,8.03,57.53,866667,41000,23.32,32.23,2.36,11.79,0.52,19.39,10.31,88.4,201,13.64,10.61,60150
132,Calvary Cemetery (East),40.735158,-73.9136752,,Yes,179,1845,2024,1,5344.4,1617,38.1,11.38,61.18,841837,34628,17.32,1.79,1.73,25.29,0.25,40.63,12.99,85.6,590,11.37,5.05,61250
133,Cypress Hill National Cemetery,40.6870801,-73.8815946,,Yes,162,1862,2024,1,14701.3,4448,37.3,12.16,62.43,729814,32755,9.42,16.48,1.87,3.89,0.16,50.94,17.24,79.9,1503,19.07,11.87,81209
134,Pelham Cemetery,40.8494459,-73.7843497,,Yes,,,2024,1,5724.5,1732,51.7,29.73,38.41,705317,77857,64.55,5.02,0.64,5.83,0.06,11.43,12.47,72.7,909,37.64,6.52,122010
135,Mount Zion Cemetery,40.7306635,-73.9064302,,Yes,,,2024,1,5456.8,1651,42.9,17.44,48.23,848814,50845,61.48,1.45,0.97,13.33,0,13.2,9.57,73.7,685,15.04,4.27,98981
136,Rossville A.M.E Zion Church cemetery,40.5412763,-74.2203926,,Yes,172,1852,2024,1,11958,3618,39.6,14.4,57,666196,50696,80.13,1.93,0.11,7.71,0,2.87,7.24,49.3,1373,32.28,14,101048
137,Sailor's Snug Harbor Cemetery,40.6377002,-74.1004083,,Yes,193,1831,2024,1,6659.9,2015,48.3,26.65,46.01,818056,55111,52.75,13.9,0.69,10.17,0.1,7.25,15.14,78.4,627,19.76,12.45,108416
138,Burroughs Family Cemetery,40.7431302,-73.8697105,84,No,133,1821,1954,1,73681.5,22293,36.8,10.43,61.04,926935,25143,6.73,1.31,3.71,33.58,0.04,45.37,9.28,82.4,6618,19.85,14.43,69307
139,"St Johns Cemetery, Middle Village",40.7156927,-73.8664287,,Yes,145,1879,2024,1,3067.2,928,44.9,21.01,42.11,892308,53877,50.54,1.08,0.22,28.56,0,9.16,10.45,75.4,360,18.36,7.4,100688
140,Remsen Family Cemetery,40.712438,-73.8585137,,Yes,234,1790,2024,1,16499.3,4992,45.4,21.13,44.16,925253,55586,49.3,2,0.34,26.06,0,10.2,12.1,78.2,2101,18.9,7.46,109252
141,Washington Cemetery,40.6200387,-73.9769459,,Yes,174,1850,2024,1,20769.5,6284,26.8,10.36,63.51,1195860,29841,72.74,1.29,0.8,14.39,0.03,6.59,4.15,53.2,1913,22.58,15.63,68946
142,St. Raymond Old Cemetery,40.8337279,-73.8335076,,Yes,149,1875,2024,1,12245.5,3705,39.4,14.71,47.79,686813,42824,30.85,12.58,1.73,5.64,0.24,34.36,14.63,87,1481,34.27,14.05,91957
143,St. Raymond New Cemetery,40.822635,-73.832057,,Yes,73,1951,2024,1,2191.3,663,61,46.61,19.15,441667,7187,18.1,23.83,2.26,0.3,0.3,40.87,14.33,82,302,68.17,67.15,10238
144,"Jesuit Cemetery, Fordham University",40.8634325,-73.8858432,,Yes,177,1847,2024,1,40207,12165,27.2,12.12,58.38,578704,17124,25.11,20.72,1.42,5.01,0.1,33.27,14.36,88,3632,30.12,32.92,38934
145,Mount Judah Cemetery,40.6911332,-73.8925212,,Yes,116,1908,2024,1,4647,1406,37.4,11.52,59.07,920573,47088,29.3,4.62,1.14,3.91,0.07,41.11,19.84,83.3,473,13.38,2.68,113212
146,Nagel Cemetery,40.8674519,-73.9154136,85,No,144,1664,1808,1,26494,8016,40.6,16.99,46.91,574679,47218,30.06,8.22,1.32,3.26,0.12,38.74,18.26,85.1,3854,22,18.54,71615
147,Bensonia Cemetery,40.8189095,-73.9107772,86,No,15,1853,1868,1,63214.1,19126,35.1,11.77,56.39,328912,22384,8.63,37.38,1.65,1.38,0.2,35.31,15.44,84.1,7525,37.84,33.03,35674
148,Sisters of Charity Cemetery,40.9133489,-73.9069927,,Yes,177,1847,2024,1,12523.2,3789,50.9,34.78,41.53,286111,35460,46.32,16.1,0.37,5.52,0.03,19.16,12.54,84,1496,37.8,9.44,70232
149,"Cornell Cemetery, Little Neck",40.7651316,-73.7258127,87,No,111,1841,1952,1,10940,3310,48.4,27.07,41.75,844776,54582,39.76,1.03,0.09,50.48,0,3.93,4.71,64.6,1270,27.9,3.15,103769
150,New York City Marble Cemetery,40.7245868,-73.988935,,Yes,193,1831,2024,1,95462.4,28883,33.4,14,31.49,887246,74808,60.15,5.68,0.53,16.73,0.14,7.24,9.54,70.7,18419,16.09,18.32,78835
151,New York Marble Cemetery,40.7256338,-73.9909627,,Yes,193,1831,2024,1,81640.3,24701,34.4,15.38,30.84,929167,81540,59.7,5.87,0.5,17.26,0.14,7.12,9.42,70.6,15321,18.3,18.82,79954
152,St. raymond Churchyard,40.8421566,-73.8537731,,Yes,182,1842,2024,1,53672.2,16239,39,14.72,49.03,528770,32256,12.89,34.26,1.31,17.11,0.07,22.98,11.37,88.2,6854,24.75,22.94,64599
153,Most Holy Trinity Cemetery,40.6887258,-73.902831,,Yes,173,1851,2024,1,23879.6,7225,33.2,10.16,60.45,1057692,30372,19.67,23.93,1.52,4.17,0.08,35.86,14.77,87.5,2822,26.03,22.35,59651
154,Brinckerhoff Cemetery,40.7320141,-73.7882783,,Yes,294,1730,2024,1,16611.6,5026,41.3,19.82,46.71,955707,44772,34.2,5.77,0.28,45.64,0,6.29,7.82,74,1742,23.7,8.27,106768
155,St. James churchyard,40.6970455,-73.9865002,,Yes,202,1822,2024,1,39612.1,11985,35,14.13,37.58,873434,82767,40.11,18.67,0.38,24.18,0.02,6.45,10.19,80.1,6807,21.75,16.44,117789
156,Schenck Family Burial ground,40.7104542,-73.9219096,29,No,,1724,,1,12017.5,3636,33.5,8.53,51.8,880639,40568,32.26,12.27,2.2,13.01,0.06,27.45,12.79,88.5,1332,19.92,15.06,83333
157,St. Mark's in the Bowery Churchyard and Cemetery,40.7303059,-73.9868122,88,Yes,225,1799,2024,1,105962.8,32060,29.9,10.24,28.84,980128,86898,65.76,4.36,0.26,16.15,0.08,4.47,8.92,62.7,19033,12.71,16.68,110982
158,Van Cortlandt family Burial Ground,40.8958357,-73.8922366,,Yes,139,1749,1888,1,2687.1,813,36.3,13.78,41.58,350000,53824,38.5,18.33,0.37,6.77,0.25,19.93,15.74,87,437,7.74,4.52,94304
159,Kingsbridge Burial Ground,40.890615,-73.8933229,,No,171,1717,1888,1,1864.1,564,35.3,11.52,43.1,750000,38402,27.84,23.05,0.53,5.32,0.35,27.48,15.6,88.3,272,32.04,14.08,70651
160,Cedar Grove-Mount Hebron Cemetery,40.741263,-73.833796,,Yes,131,1893,2024,1,11326.7,3427,39.9,17.01,46.88,1017588,34335,13.66,1.37,0.58,64.87,0,12.52,6.97,69.1,1112,25.91,8.52,69464
161,Willett Family Burial Ground,40.7427454,-73.8347778,,Yes,302,1722,2024,1,11891.9,3598,40.2,16.26,50.09,1008065,29418,11.4,1.28,0.64,67.43,0,12.9,6.36,67.1,1134,19.46,13.02,60029
162,Union Cemetery,40.6966881,-73.9120936,27,No,45,1852,1897,1,66849.8,20226,32.8,9.9,60.61,1082386,35232,21.52,14.48,2.24,7.83,0.06,39.66,14.21,86.9,7768,20.49,21.07,73392
163,Mount Carmel Cemetery,40.6984065,-73.8856158,,Yes,108,1916,2024,1,21737.9,6577,39,14.29,50.98,758824,40962,51.53,2.81,0.94,4.26,0.06,27.95,12.47,81.8,2603,19.15,9.01,87205
164,Mount Neboh Cemetery,40.6961152,-73.8831241,,Yes,138,1886,2024,1,1355.1,410,41.7,16.34,45.78,659884,36365,53.66,2.44,0.98,4.39,0,22.44,16.1,81.4,156,17.91,5.97,94277
165,Southside Burial Ground,40.6707088,-73.8442795,,No,344,1680,2024,1,25376.9,7678,43.4,21.5,39.59,549198,41566,41.66,8.56,1.08,11.87,0.05,21.96,14.83,86.3,3293,32.38,7.93,76762
166,Wyckoff Snediker Cemetery,40.6962626,-73.8489289,,Yes,239,1785,2024,1,37496.8,11345,40.7,16.65,51.42,709400,35786,27.93,5.67,2.27,16,0.06,32.99,15.09,88,4083,20.48,10.34,80441
167,St. Fidelis Graveyard,40.7849633,-73.8441484,89,No,38,1856,1894,1,33140.6,10027,36.5,13,53.94,860162,30340,21.39,1.87,1.8,30.58,0.01,32.49,11.86,87,3270,19.67,12.6,67243
168,Salem Fields Cemetery,40.6887692,-73.8792047,,Yes,173,1851,2024,1,12235.6,3702,36.4,12.94,61.73,695402,32406,11.1,15.42,1.7,3.81,0.11,51.16,16.72,79.5,1276,27.39,7.13,80104
169,Fourth Shearith Israel Cemetery/ Beth Olem Cemetery,40.6904706,-73.8803471,,Yes,173,1851,2024,1,1619.5,490,37.2,13.06,62.5,663462,35666,13.06,14.49,1.43,3.88,0,46.12,20.61,81.7,154,33.96,3.77,84381
170,St. Luke's Churchyard,40.7323768,-74.0070218,90,No,71,1820,1891,1,63276.9,19145,36.1,14.69,35.46,1336893,125885,79.38,2.14,0.1,6.98,0.05,2.61,8.73,45.3,13661,9.43,6.2,142447
171,St. Paul's Churchyard,40.7115932,-74.0098303,,Yes,258,1766,2024,1,59019.9,17857,31,4.88,47.69,1675532,124321,62.92,5.05,0.22,18.89,0.1,3,9.82,63.7,9283,5.34,3.96,200001
172,Carmine Street Lutheran Cemetery,40.7297919,-74.0053979,91,No,38,1808,1846,1,64053.6,19380,34.2,12.64,33.1,1360119,120410,76.69,2.32,0.07,9.26,0.05,2.62,8.99,49.1,13695,9.25,6.8,137785
173,Mount Lebanon Cemetery,40.700229,-73.8731223,,Yes,109,1915,2024,1,8243,2494,41,17.12,44.94,820628,44957,64.03,2.61,0.68,4.53,0,17.84,10.3,74.4,1020,22.54,5.82,92817
174,"St. John's Cemetery, Greenwich Village",40.7299567,-74.006131,8,No,89,1806,1895,1,58408.4,17672,34.6,13.09,33.84,1385152,122766,77.06,2.34,0.07,8.74,0.05,2.7,9.03,48.7,12638,9.5,6.6,141240
175,Hopper Family Burial Ground,40.7634978,-73.9893171,94,No,62,1778,1840,1,109641.4,33173,36.5,13.33,28.39,963251,89138,50.97,7.13,0.56,20.7,0.08,9.36,11.19,78,23647,20.8,10.86,93595
176,St. Patrick's old cathedral's cemetery,40.7237658,-73.9950931,,Yes,215,1809,2024,1,71020.9,21488,35.8,16.14,38.19,1445289,88987,54.43,5.75,0.24,23.37,0.13,6.79,9.29,72.1,12596,18.44,13.86,109705
177,St. Peter's Catholic Graveyard,40.7124899,-74.0095285,95,Yes,239,1785,2024,1,61092.2,18484,31.5,5.55,50.26,1830106,124640,64.12,4.7,0.21,18.08,0.11,2.81,9.98,62.4,9514,5.96,4.14,200001
178,Third Shearith Israel Cemetery,40.741624,-73.9944312,,Yes,195,1829,2024,1,83130.9,25152,36.5,12.51,36.99,1313107,132963,69.15,4.11,0.22,13.68,0.06,3.54,9.24,58.6,17404,10.9,10.75,174271
179,Second Shearith Israel Cemetery,40.7351482,-73.9978547,,Yes,219,1805,2024,1,93158.7,28186,37.5,19.04,33.02,1466529,133219,75.13,3.51,0.13,9.62,0.09,3.11,8.41,50.9,18859,12.45,6.69,183727
180,First Shearith Israel Cemetery,40.7127562,-73.9983644,,Yes,342,1682,2024,1,78556.6,23768,47.2,27.39,37.85,681034,26832,12.1,8.49,0.23,69.51,0.09,5.34,4.24,60.2,11344,21.34,37.15,31242
181,Passionist Monaestry Cemetery,40.7151042,-73.7843644,,Yes,100,1924,2024,1,32912.6,9958,41.5,19.83,48.13,884167,38227,11.68,21.59,1.27,42.01,0.31,13.83,9.32,81.7,3897,25.68,11.32,77350
182,11th Street Catholic Cemetery,40.7292553,-73.9827413,92,No,50,1833,1883,1,106187.6,32128,32,12.81,31.14,880890,84622,63.13,5.06,0.3,14.82,0.1,6.56,10.03,67.8,20164,11.68,15.42,102096
183,Johnson Burial Ground,40.7381918,-73.7451948,,No,-1855,1855,,1,8173.6,2473,50.7,28.95,33.27,587838,61862,40.15,4.25,0.32,41.04,0,5.26,8.94,73.4,1270,31.32,9.25,89303
184,French Church of Esprit,40.7077004,-74.0096077,96,No,143,1688,1831,1,102122.2,30898,30.6,3.42,32.76,1460827,127801,62.31,4.96,0.19,19.8,0.09,3.1,9.53,64.2,19597,3.71,5.54,200001
185,Strattonport Village Cemetery,40.7845111,-73.8432464,99,No,10,1851,1861,1,31663.2,9580,36.4,12.86,54.64,865038,29576,21.22,1.94,1.82,30.44,0.01,32.76,11.82,87,3111,19.85,13.39,65478
186,"Indian Cemetery, Little Neck",40.7694892,-73.7368716,97,No,72,1859,1931,1,12281.9,3716,47.3,23.63,44.04,987085,54614,33.77,0.7,0.38,50.57,0.03,5.22,9.34,71.2,1423,25.88,11.03,118484
187,Leverich Family Burial Ground,40.7500192,-73.8945481,,Yes,244,1780,2024,1,74474.7,22533,41.4,16.23,49.43,751147,38850,17.82,1.61,1.3,49.82,0.04,19.26,10.16,81.4,8874,15.53,11.98,70147
188,The New Burial Place without the gate of the city,40.7084111,-74.011873,,Yes,338,1686,2024,1,99497.9,30104,31.6,4.33,35.85,1360495,131131,61.16,4.41,0.19,21.31,0.07,2.84,10.02,64.6,18979,3.63,3.82,200001
189,The Old Graveyard of New Amsterdam,40.706453,-74.0133484,98,No,20,1656,1676,1,76312.4,23089,33,5.61,36.66,1310904,139052,60.75,3.49,0.17,22.53,0.07,2.76,10.22,64.4,14632,5.17,2.84,200001
190,Provoost Vault,40.7659109,-73.9532349,,No,108,1749,1857,1,94510.5,28595,38,19.89,38.7,1014938,102386,71.22,2.69,0.15,15.39,0.07,2.34,8.14,54.1,18114,13.48,7.08,115533
